No,Tanggal,Keterangan,Deadline,Status,File,CompletionReportId,CompletedAt
1,2026-09-25,"Laporan seminggu yang lalu
1. Demineralisasi bahan (21 gr total)
2. Pyrolisis ( 0,9 gr carbon diperoleh)
3. Menemukan metodologi untuk meningkatkan konduktivitas karbon
4. Piket 2 Minggu sekali",,Pending,,completion_1791173699017_ru5iq86,2026-10-05T04:14:59.017Z
2,2026-10-05,"1. Telah mengukur konduktivitas dari karbon aktif yang di sintesis. Pengukuran dilakukan pada 4 elektroda yang sama diperoleh nilai sebesar 685.60 S/cm2 dengan standar deviasi 187.52 S/cm2
2. Literatur review terkait metode elektrodeposisi untuk sintesis elektrokatalis CO2RR menjadi CH4. Diperoleh rencana material yaitu Zn dan Cu, hal ini karena Zn dapat dengan mudah membentuk intermediat *COOH dan Cu merupakan logam yang mampu melakukan hidrogenasi dengan baik sehingga proses reduksi tidak perhenti sampai CO, namun dilanjutkan hingga membentuk CH4
3. Penetralan limbah lab sebanyak 285 L",,Pending,,completion_1791173671410_03v7ics,2026-10-05T04:14:31.410Z
3,2026-10-05,"Penyelesaian: 1. Telah mengukur konduktivitas dari karbon aktif yang di sintesis. Pengukuran dilakukan pada 4 elektroda yang sama diperoleh nilai sebesar 685.60 S/cm2 dengan standar deviasi 187.52 S/cm2
2. Literatur review terkait metode elektrodeposisi untuk sintesis elektrokatalis CO2RR menjadi CH4. Diperoleh rencana material yaitu Zn dan Cu, hal ini karena Zn dapat dengan mudah membentuk intermediat *COOH dan Cu merupakan logam yang mampu melakukan hidrogenasi dengan baik sehingga proses reduksi tidak perhenti sampai CO, namun dilanjutkan hingga membentuk CH4
3. Penetralan limbah lab sebanyak 285 L",,Complete,,completion_1791173671410_03v7ics,2026-10-05T04:14:31.410Z
